{
  "comment": "c1cdca20-a221-4a02-8cd5-481bc92a7bb1",
  "date": "04/17/2023",
  "distribution": false,
  "domains": [
    "*"
  ],
  "expires": "06/17/2023",
  "fileSystemAllowed": true,
  "licensefileversion": "1.1",
  "localhost": true,
  "oobAllowed": true,
  "package": "complete",
  "product": "yFiles for HTML",
  "type": "eval",
  "version": "2.5",
  "watermark": "yFiles HTML Evaluation License (expires in ${license-days-remaining} days)",
  "key": "641fedfd312dc0f1bf8d397472a05c0ac4af80b2"
}